{
  "minecraft:story/lava_bucket": {
    "criteria": {
      "lava_bucket": "2021-05-05 20:24:54 -0400"
    },
    "done": true
  },
  "galacticraftcore:galacticraft/root": {
    "criteria": {
      "tick": "2021-05-05 20:24:27 -0400"
    },
    "done": true
  },
  "minecraft:recipes/decorations/chest": {
    "criteria": {
      "has_lots_of_items": "2021-05-05 20:25:25 -0400"
    },
    "done": true
  },
  "minecraft:adventure/adventuring_time": {
    "criteria": {
      "jungle_hills": "2021-05-05 20:24:27 -0400",
      "jungle": "2021-05-05 20:25:12 -0400"
    },
    "done": false
  }
}