{
    "forge_marker": 1,
    "defaults": {
        "model": "forge:fluid"
    },
    "variants": {
        "normal": [
            {
                "custom": {
                    "fluid": "normal"
                }
            }
        ],
        "normal_gas": [
            {
                "custom": {
                    "fluid": "normal_gas"
                }
            }
        ],
        "static": [
            {
                "custom": {
                    "fluid": "static"
                }
            }
        ],
        "static_gas": [
            {
                "custom": {
                    "fluid": "static_gas"
                }
            }
        ],
        "finite": [
            {
                "custom": {
                    "fluid": "finite"
                }
            }
        ],
        "tin": [
            {
                "custom": {
                    "fluid": "tin"
                }
            }
        ]
    }
}