{
  "galacticraftcore:galacticraft/rocket_workbench": {
    "criteria": {
      "rocket_workbench": "2022-06-10 11:05:01 -0400"
    },
    "done": true
  },
  "galacticraftcore:galacticraft/root": {
    "criteria": {
      "tick": "2022-06-10 11:05:01 -0400"
    },
    "done": true
  },
  "minecraft:recipes/decorations/chest": {
    "criteria": {
      "has_lots_of_items": "2022-06-10 11:12:59 -0400"
    },
    "done": true
  },
  "minecraft:adventure/adventuring_time": {
    "criteria": {
      "plains": "2022-06-10 11:05:01 -0400"
    },
    "done": false
  }
}