{"stat.useItem.gcaddon.ogniousstone":5,"stat.useItem.gcaddon.vulcanrockscorched":5,"stat.flyOneCm":24850,"stat.walkOneCm":2193,"stat.jump":4,"stat.useItem.gcaddon.frozenco2":5,"stat.playOneMinute":2872,"stat.fallOneCm":394,"stat.pickup.gcaddon.vulcanrockscorched":1,"stat.useItem.gcaddon.ogniousgrass":5,"stat.sneakTime":7,"stat.useItem.gcaddon.ferminium_pickaxe":4,"stat.damageTaken":125,"stat.damageDealt":9,"stat.mineBlock.gcaddon.polulossand":1,"stat.timeSinceDeath":2872,"stat.useItem.gcaddon.polulossand":5,"stat.mineBlock.gcaddon.vulcanrockscorched":3,"stat.mobKills":1,"stat.useItem.minecraft.stone_slab2":8,"stat.useItem.gcaddon.strangemetallicpolulos":5}